time,error
316.74,0.175203
322.94,0.176533
297.87,0.053518
285.65,0.095210
281.64,0.068002
288.08,0.265384
293.69,0.086561
327.36,0.133260
292.41,0.162421
294.40,0.061762
